Priority_Level,Priority_Score,Category,Recommendation,Impact_Level,Effort_Level,Time_Estimate,Affected_Projects,Rationale,Next_Steps
High,5,Testing,"üìä **Test Coverage**: cognitive_integrity/cogsec_multiagent_2_computational below 90% threshold (lowest: 0.0%). Action: Add unit tests for uncovered functions, especially in `src/` modules. Target: Aim for 95%+ coverage for critical functionality.",High,Medium,1-2 days,cognitive_integrity/cogsec_multiagent_2_computational,Priority High - High impact,Review and implement as appropriate
Medium,3,General,‚è±Ô∏è **PDF Performance**: code_project bottleneck in LaTeX compilation. Action: Check for complex equations or large figures. Consider using lighter LaTeX packages or optimizing figure resolution.,Medium,Low,4-8 hours,code_project,Priority Medium - Medium impact,Review and implement as appropriate
Medium,3,General,‚è±Ô∏è **PDF Performance**: cognitive_integrity/cogsec_multiagent_1_theory bottleneck in LaTeX compilation. Action: Check for complex equations or large figures. Consider using lighter LaTeX packages or optimizing figure resolution.,Medium,Low,4-8 hours,cognitive_integrity/cogsec_multiagent_1_theory,Priority Medium - Medium impact,Review and implement as appropriate
Medium,3,General,‚è±Ô∏è **PDF Performance**: cognitive_integrity/cogsec_multiagent_2_computational bottleneck in LaTeX compilation. Action: Check for complex equations or large figures. Consider using lighter LaTeX packages or optimizing figure resolution.,Medium,Low,4-8 hours,cognitive_integrity/cogsec_multiagent_2_computational,Priority Medium - Medium impact,Review and implement as appropriate
Medium,3,General,‚è±Ô∏è **PDF Performance**: cognitive_integrity/cogsec_multiagent_3_practical bottleneck in LaTeX compilation. Action: Check for complex equations or large figures. Consider using lighter LaTeX packages or optimizing figure resolution.,Medium,Low,4-8 hours,cognitive_integrity/cogsec_multiagent_3_practical,Priority Medium - Medium impact,Review and implement as appropriate
Medium,3,Content,"üìö **Comprehensive Research**: cognitive_integrity/cogsec_multiagent_1_theory has extensive manuscript (33,306 words). Consider if other projects could benefit from similar depth.",Medium,Low,4-8 hours,cognitive_integrity/cogsec_multiagent_1_theory,Priority Medium - Medium impact,Review and implement as appropriate
Low,1,General,üéâ **Portfolio Health**: Excellent overall project health across all metrics.,Low,Low,1-2 hours,All,Priority Low - Low impact,Review and implement as appropriate
Low,1,Testing,‚úÖ **Test Integrity**: All tests passing across all projects.,Low,Low,1-2 hours,All,Priority Low - Low impact,Review and implement as appropriate
Low,1,Testing,üèÜ **Best Practice**: cognitive_integrity/cogsec_multiagent_3_practical demonstrates excellent test coverage (99.7%). Action: Study this project's testing approach and apply lessons to other projects.,Low,Low,1-2 hours,cognitive_integrity/cogsec_multiagent_3_practical,Priority Low - Low impact,Review and implement as appropriate
